avg_purchase_value,purchase_frequency,website_visits_per_month,returns_rate
497.8185569,1,60,0.202446548
367.9440916,38,44,0.085124713
121.4823319,35,6,0.10130941
59.92641654,7,28,0.459151371
213.2345359,45,31,0.429139861
429.7202322,13,8,0.099522153
363.7134775,49,5,0.437831312
443.1071964,1,54,0.104593065
311.7303942,14,17,0.313273161
73.86089865,29,38,0.040640262
66.25002383,3,9,0.440184813
33.52112829,46,74,0.02575015
287.8691856,24,84,0.277471445
129.0142559,1,78,0.389855763
369.8479843,48,14,0.058417368
346.2624686,10,26,0.202240134
165.8742638,13,93,0.020975076
96.63281657,36,62,0.341376289
60.1761714,9,91,0.153724797
371.2844842,14,25,0.279697622
230.7160878,36,80,0.466366135
168.5296579,10,36,0.152929054
429.7599777,40,98,0.024313736
300.8704761,23,80,0.337813884
263.8211448,35,33,0.393420567
374.2557908,7,3,0.47893428
409.6357387,42,87,0.078900439
346.1758462,35,11,0.196069963
225.6030961,2,58,0.42207023
195.8564084,15,64,0.403435697
388.1158198,9,18,0.312397854
263.7745087,47,47,0.134684273
355.1491785,17,44,0.142017645
446.2954066,39,93,0.062001497
458.786411,18,59,0.460926837
146.0806632,15,50,0.086465757
102.0660756,18,69,0.286443301
138.0308066,24,88,0.292175708
378.1721676,23,29,0.184802721
191.3284377,12,93,0.176259231
94.96074761,23,90,0.334294209
58.20889133,21,67,0.194148889
170.3834625,26,2,0.127557697
76.70685577,8,25,0.199565851
86.62307014,30,19,0.403831039
345.103147,34,40,0.483239228
19.66872688,2,2,0.317975115
67.6010982,5,83,0.391050613
423.7390907,31,65,0.266412431
424.0079017,33,62,0.312411571
171.3293046,4,91,0.494043328
53.0969741,6,54,0.219209432
355.4354636,23,45,0.033127348
186.464527,45,49,0.478503459
32.27766733,19,99,0.39653086
87.33522084,43,69,0.199155184
77.23525786,45,38,0.491197527
298.6670085,8,4,0.172767875
450.077616,39,17,0.186060098
398.6052963,13,53,0.304865677
277.7928621,1,85,0.137173693
216.8560308,6,53,0.349285743
313.1515874,7,31,0.076425152
227.4682431,48,22,0.05401266
130.5885701,27,11,0.267439004
342.8067531,15,34,0.277746841
437.8895334,34,15,0.053327535
192.706462,23,10,0.482088131
422.3538492,48,96,0.286643329
221.2302028,49,53,0.075517496
206.6546121,24,48,0.155721262
23.8789352,15,31,0.400117107
350.6866617,35,37,0.261615764
405.6762373,4,28,0.094074174
335.1428906,44,31,0.051424486
84.16686618,37,70,0.215387206
60.6137991,17,14,0.168707354
290.7007883,31,87,0.327958676
206.7429646,38,16,0.462623493
220.2579139,10,25,0.123865143
484.2221209,27,39,0.427616967
364.7221089,42,66,0.460230989
211.7759922,6,38,0.4510013
19.35864712,6,41,0.476038665
26.70689195,15,98,0.421054311
345.5538109,4,40,0.296743003
420.4919922,48,64,0.204923049
356.7742885,40,89,0.245843893
208.8849988,7,16,0.436306087
25.25651159,49,82,0.150699189
484.0267988,45,77,0.079630847
493.3046705,47,59,0.070409609
279.1886302,26,91,0.413497305
44.6287727,31,98,0.380742843
275.0765279,2,11,0.248822671
447.2458504,28,1,0.137435714
343.1929,42,13,0.338806588
362.7947232,13,30,0.019216549
51.63522034,18,69,0.284113908
62.19070215,30,18,0.199212584
72.40090042,11,78,0.488929817
453.1446485,13,13,0.253780125
267.6663218,24,32,0.276133876
397.8717972,29,71,0.356181332
66.49271734,5,72,0.242269241
464.5449257,35,50,0.11228431
412.3596248,19,71,0.268638923
120.1344309,13,80,0.472134435
438.3492943,5,31,0.204955494
139.0869521,44,51,0.339820477
110.6165409,14,27,0.489017094
139.479529,38,60,0.414961156
455.877981,22,33,0.329517067
458.6400729,9,53,0.367998244
171.2079296,49,93,0.468241624
355.6627507,40,72,0.479876052
341.115175,26,33,0.484484065
405.2156897,45,41,0.312820814
155.2896551,5,19,0.192355825
259.9678855,29,85,0.066576564
337.160236,22,41,0.192774001
22.86584122,49,85,0.471477727
194.6019852,3,89,0.44489854
350.9852953,28,42,0.261829831
133.7715956,38,23,0.268503643
479.2750124,14,75,0.154460175
24.77907204,47,33,0.227253945
479.4627219,14,20,0.357224247
116.2142953,43,25,0.201215363
33.92280054,11,90,0.093991936
153.3122763,9,52,0.270429789
395.2783306,38,12,0.112668456
378.6965832,47,32,0.487143778
112.331804,44,33,0.195169957
106.4271655,6,74,0.454832486
324.8641587,1,68,0.112776998
234.4605179,25,15,0.094604503
398.2220771,16,51,0.308450565
21.82506156,15,6,0.389689539
309.1018118,34,91,0.283382282
368.029286,17,69,0.114897842
496.7591949,3,69,0.018947181
342.6030302,3,82,0.309144411
123.6041267,37,92,0.065518613
63.01123549,17,35,0.171588194
324.0492196,49,86,0.337892377
266.3597031,38,34,0.04901172
450.5811913,1,63,0.06362574
366.0379304,7,68,0.030833104
259.7738005,26,18,0.498039564
207.7588407,47,26,0.193538384
208.1436028,39,86,0.452897584
120.8891002,19,97,0.146792819
18.48972616,30,61,0.376601283
291.7061882,43,78,0.109533308
114.0832189,14,95,0.249162355
112.0801897,13,74,0.41230787
71.43680205,20,88,0.408167199
102.9017902,26,85,0.397140359
25.57668328,27,48,0.411867207
340.3734104,25,72,0.105736141
206.684587,9,96,0.241108136
285.1470534,41,31,0.242435737
322.1092328,48,34,0.445251244
486.5174355,12,87,0.148445915
43.45027427,10,89,0.465747947
214.7796656,6,7,0.225397868
130.4899874,34,83,0.334893502
243.5888466,41,7,0.134441556
461.0314273,19,47,0.205149053
364.75229,6,8,0.354900466
334.3552974,2,78,0.256373571
226.2104795,15,1,0.465354006
338.8451242,17,77,0.368562483
25.86393486,16,3,0.282201463
297.2569493,28,53,0.443334878
281.3505157,21,92,0.332778194
179.8538117,8,38,0.323660237
108.7419215,10,51,0.123185667
405.70222,10,15,0.197428483
36.39243608,10,67,0.341651826
44.13970357,9,64,0.445895856
225.8556546,28,68,0.157773737
133.7517282,24,5,0.107742811
375.2716826,19,90,0.296847989
320.7531377,33,89,0.033598549
388.5420501,4,10,0.357270851
169.0926886,3,8,0.351569272
372.8542804,42,12,0.177483015
432.5285857,12,64,0.446338827
179.1845023,18,59,0.251090571
176.5489524,23,67,0.322882475
450.9761879,20,91,0.104789241
34.39722406,6,50,0.208670168
181.5928088,34,23,0.43120877
68.14952112,42,40,0.106469774
24.20048922,2,97,0.195287189
65.30601465,30,78,0.159038272
221.3104377,9,87,0.075555092
346.6084739,27,95,0.144858959
151.748388,42,77,0.116386142
426.3409006,34,76,0.461796815
224.4316581,40,99,0.370539402
484.431745,24,18,0.158050791
477.536278,49,21,0.381669527
388.9053491,17,1,0.011069977
466.8786931,29,38,0.263262355
356.4770773,36,41,0.125167282
448.8357631,12,42,0.057161036
125.8721215,31,9,0.441879264
179.2558981,49,23,0.099670267
378.9357323,9,78,0.411195546
218.0350067,19,11,0.206611339
420.2904426,46,71,0.007145385
440.0430471,46,31,0.366266415
156.8674475,17,88,0.298179879
413.490896,2,26,0.172085942
85.58949282,40,30,0.140772967
173.7563887,5,34,0.036845626
263.802826,39,46,0.470712797
120.9574434,48,69,0.246992442
293.8412365,16,5,0.042762259
293.5605886,17,61,0.434339859
111.3824185,27,83,0.139416586
399.864259,7,38,0.101801358
319.5057998,8,28,0.140468719
165.7026483,8,26,0.282285729
123.7705439,23,61,0.037028242
440.587568,32,23,0.240878455
419.5137002,43,46,0.447871723
122.5827307,47,30,0.094085798
27.44656099,18,67,0.165594386
404.2209719,38,92,0.198060983
311.5991921,12,33,0.293110356
59.43219375,15,3,0.459627123
297.805521,28,69,0.197269604
231.5695158,38,83,0.03457642
389.5296605,31,42,0.173975431
112.4515727,9,62,0.095042706
232.0468047,8,58,0.325887239
86.55961598,46,57,0.014631055
479.1883416,19,1,0.145964986
391.5816969,8,73,0.272586754
370.993989,34,60,0.138667103
348.2012659,4,69,0.275497642
217.4348568,31,59,0.057356161
462.4083837,38,46,0.471402744
45.72933584,3,34,0.145453404
403.5969451,35,97,0.46150042
115.4640387,19,25,0.16291772
168.7736983,43,42,0.390920096
264.5205672,29,29,0.123093679
393.5009554,10,25,0.334884451
420.8821048,12,54,0.161858107
296.0288026,46,73,0.254579565
207.4873896,30,67,0.336907073
473.7861865,30,15,0.294441253
130.795435,18,4,0.288140297
403.5163422,24,38,0.032840418
309.9043145,32,20,0.124538416
194.6785583,9,23,0.285919645
10.67031234,47,37,0.009158604
228.8336577,24,62,0.125322128
145.5927988,26,8,0.11459262
61.12984053,3,37,0.124928055
46.82769702,23,45,0.26780475
180.3035804,11,97,0.290980177
311.2311205,10,33,0.454498997
420.3844645,36,7,0.193015525
99.94599002,13,22,0.463289459
218.0755459,29,5,0.325977172
202.0585087,38,15,0.456330198
261.5630645,13,21,0.416736051
406.6977627,26,89,0.343791222
281.2861568,20,17,0.17805295
424.8609076,5,56,0.120555224
264.0903605,20,50,0.111195718
305.8852089,14,7,0.476086919
224.3177888,45,50,0.479286922
413.3168343,14,60,0.362415687
462.6753311,8,83,0.441897992
323.1809217,48,7,0.459498082
412.1834001,13,40,0.255778098
38.91163366,24,45,0.314529845
453.9947582,15,59,0.209377249
102.5732828,1,88,0.209245382
135.6950094,22,75,0.019214459
36.13173342,34,55,0.21691073
483.0460573,40,64,0.336744906
427.4853162,3,65,0.210991083
457.460456,26,54,0.436204838
425.1359222,14,96,0.166281476
244.9699708,41,40,0.066341023
462.8001477,8,53,0.405779345
485.041682,49,44,0.336973959
256.2578186,16,63,0.120909741
96.05614285,42,2,0.268225628
332.7250294,21,79,0.200926169
487.964762,10,21,0.469429888
437.3519613,25,88,0.303666045
432.2894363,38,50,0.079194631
467.5708282,22,81,0.251074226
448.0366077,49,52,0.431278416
390.3780154,48,9,0.335748335
361.9536878,47,99,0.421226038
139.7359151,46,20,0.125199657
314.4566105,4,83,0.444175689
265.5294246,4,18,0.377805666
432.3526049,30,84,0.364456878
250.939161,2,30,0.173270535
72.59395414,29,65,0.443829032
12.43651781,43,24,0.318989689
342.157829,36,88,0.425919738
279.4551097,21,47,0.180485728
172.1718231,21,83,0.072826046
92.79635352,48,94,0.16616859
238.690508,21,90,0.227632174
59.14037151,4,44,0.266703688
174.6931597,1,29,0.255404608
195.8138341,26,77,0.273027296
238.1531605,2,68,0.420852883
238.6441682,9,17,0.085050623
135.9327653,45,97,0.158025648
426.603381,18,5,0.444304245
184.2163181,48,92,0.280229102
122.4977814,48,88,0.291694935
96.14684287,42,81,0.239031272
168.0634133,41,50,0.274487317
43.10091266,11,40,0.099039865
26.12468626,25,46,0.27343345
306.5196764,26,51,0.498586564
313.3820967,36,11,0.283023786
269.4982193,42,12,0.022201233
383.5197457,35,13,0.398217822
29.1837667,38,64,0.198237714
468.626823,3,8,0.076838074
56.5819104,41,65,0.431259903
340.2712673,35,9,0.098986628
75.36432858,40,92,0.460383695
441.1536623,22,2,0.220898245
260.2495106,8,78,0.371395417
50.3238351,15,13,0.273497925
312.1948152,45,2,0.128313402
14.4638725,7,68,0.335545087
390.2508674,19,76,0.478956275
328.7866435,40,48,0.384818483
114.1861272,42,74,0.302008998
193.6279489,17,3,0.495314054
13.8252803,1,68,0.132663334
349.9050693,45,6,0.031170744
168.1073874,29,87,0.016065433
290.0785685,13,5,0.35534394
478.7965377,48,3,0.415116182
156.7386893,29,10,0.317550269
495.2165632,41,43,0.452513299
320.0369091,42,19,0.348988024
128.6234465,6,14,0.185477323
224.0211627,5,21,0.090629146
372.82203,34,43,0.462323739
228.7741748,11,28,0.051798575
43.568708,9,21,0.271494202
92.61579408,38,36,0.157003963
397.7358954,40,24,0.135707504
327.7028071,41,54,0.322917426
289.2144839,9,38,0.115618469
92.13476567,8,17,0.458182553
420.5011482,44,22,0.203021955
480.7626537,40,83,0.338687673
30.03467777,3,45,0.363877859
48.23561662,13,74,0.341470847
443.5150066,19,61,0.45170012
409.6206045,34,11,0.115565432
312.7878832,32,61,0.043027272
473.0329524,49,38,0.027732849
326.7509832,16,66,0.438922075
115.8327851,36,33,0.486643525
367.0347386,18,43,0.151263271
326.3980689,14,31,0.346756962
493.014904,30,35,0.004456392
114.8089108,2,37,0.094315755
302.9636188,13,47,0.344637191
392.2820859,27,23,0.03294357
176.1017138,17,36,0.234255025
196.0429957,31,40,0.331291632
445.0719008,15,90,0.382979086
208.055491,20,89,0.226907957
316.1190974,5,81,0.31514202
445.7266874,7,15,0.269787815
112.8150257,18,37,0.026152886
491.1198752,11,4,0.371402344
353.9572316,32,22,0.086180958
253.0996301,27,81,0.015902766
221.1510765,26,22,0.225583958
477.6386616,37,81,0.432818794
110.8051655,45,78,0.075414719
162.7247959,28,78,0.006428767
160.8184502,2,17,0.054989618
151.613104,20,72,0.181829557
239.5836422,4,98,0.290085935
494.6978243,13,90,0.096506067
445.5055157,24,94,0.400982003
170.6952885,48,86,0.37664856
217.2063567,38,80,0.347931808
338.0455657,40,94,0.243734904
18.40432354,48,80,0.182608478
411.8752928,45,38,0.18779331
441.1010481,29,24,0.251535267
430.0281638,36,99,0.038657343
193.7766496,2,6,0.341152731
236.3797586,41,68,0.175753772
16.07027773,18,82,0.112379389
205.7037205,49,6,0.139163535
235.609143,8,26,0.090147143
454.4174036,15,91,0.450784043
448.0539601,41,41,0.084518758
483.3875614,17,75,0.441463059
443.7014427,23,38,0.286121698
14.01834762,2,80,0.433725478
324.3158176,6,83,0.237032108
43.43646472,29,43,0.46381686
143.5712003,27,53,0.105745372
293.3707384,37,15,0.277345876
353.300771,49,90,0.062919345
330.7696927,34,56,0.223610143
34.03860003,18,56,0.284951848
60.76589609,42,31,0.302837611
73.00753834,10,83,0.182764398
54.79304462,38,57,0.038167821
97.3348674,44,51,0.327663036
347.3590177,17,24,0.24421593
417.1102531,13,58,0.068439433
210.3188061,48,73,0.467937985
349.4629381,42,87,0.477834331
108.007968,27,4,0.42830314
486.9072743,2,10,0.42193415
181.4987862,34,63,0.049335638
424.474784,31,73,0.496710055
473.2295226,23,83,0.20019034
433.7098418,7,15,0.081560558
42.86314925,38,98,0.406050864
328.6505071,33,63,0.112865384
68.84444622,12,19,0.26308766
12.77487026,45,63,0.064008033
35.37388753,12,56,0.237322862
458.9131063,19,21,0.279070747
455.147122,9,34,0.22296198
120.65395,10,17,0.034743412
278.0599953,17,18,0.242469515
477.9638485,40,81,0.234471422
253.3860036,39,66,0.130810139
202.8531319,41,51,0.4608008
246.7918601,10,65,0.208896166
397.2057232,12,43,0.432057898
243.8660399,15,57,0.054831915
393.8060638,31,10,0.159438642
221.5317484,15,37,0.088165427
133.4827789,28,48,0.204205394
169.9716376,4,69,0.055818344
48.13349767,36,56,0.220517403
253.7167608,1,76,0.176935372
82.5743532,44,36,0.111657524
407.6580331,34,31,0.321089706
216.0893813,47,55,0.475455744
384.8511388,17,38,0.103556737
477.6856095,39,73,0.35589542
426.2441954,38,90,0.371190445
476.2172031,44,15,0.249060258
288.2888982,33,16,0.448834173
91.00897265,21,77,0.483195033
468.3440176,26,89,0.181123226
435.5671514,46,94,0.325516649
433.5623656,36,53,0.331106309
349.7044694,5,56,0.201817763
316.2089685,33,7,0.158395537
17.21470701,1,57,0.466872099
376.5464939,6,55,0.394990775
54.85220757,37,52,0.057232283
137.2779587,2,4,0.059942036
280.2302447,5,43,0.461271384
231.3489666,26,40,0.040704883
17.72945099,41,30,0.344210673
413.7526786,47,10,0.113379123
440.6124695,13,94,0.017592671
344.1177423,12,7,0.029818773
275.1232507,5,36,0.186761052
480.7615411,2,35,0.038794226
68.7785418,4,88,0.2983196
371.5759263,27,39,0.323627256
72.89670032,10,36,0.186734286
197.1039515,13,20,0.371439038
296.8874095,44,49,0.24502126
371.1729683,2,96,0.215114252
11.82088913,26,59,0.203494044
137.6929643,15,49,0.215553244
273.7181918,46,90,0.483943825
271.1081028,10,26,0.34070353
322.4369531,22,36,0.157604924
158.8882546,40,43,0.366929935
274.859333,25,99,0.165133694
102.9955209,15,43,0.062857454
101.5673851,13,99,0.237680179
292.5163421,8,76,0.37551193
345.8815667,21,33,0.188829955
68.99598367,21,78,0.434587071
70.16705193,22,97,0.193476352
286.9983188,46,45,0.174919513
142.3469186,33,45,0.499121957
202.2755601,45,88,0.241236011
206.3667393,27,15,0.402610605
97.49090105,40,95,0.402494028
10.64417038,22,17,0.463184669
428.0443869,30,12,0.042447527
360.3509648,9,22,0.135610138
348.3638935,45,23,0.383874046
277.7875177,35,90,0.281300746
353.4751307,18,78,0.279807471
468.487305,42,12,0.083107651
336.1801308,5,68,0.140576507
139.8947869,27,51,0.260667043
289.5744254,6,13,0.138590682
226.7389576,32,57,0.105141396
282.6453742,8,55,0.043878028
263.6291339,39,82,0.077863006
430.7998898,21,28,0.384433881
329.3820507,18,44,0.35938959
102.4916542,14,19,0.022916842
40.87822165,15,46,0.101642043
217.9382565,42,3,0.280227673
17.64920491,26,83,0.161313922
165.9657191,44,20,0.411624801
190.33052,32,25,0.392494654
194.0385483,39,75,0.445790279
489.8815119,28,56,0.281465616
158.9114297,39,81,0.17603824
139.9614727,43,61,0.303032348
73.39665622,32,55,0.04456834
260.3943295,13,35,0.004793009
85.30041004,15,78,0.00854676
311.9844092,18,59,0.203771469
86.02829168,39,39,0.114038797
292.5699257,6,57,0.078668853
414.8719272,11,83,0.307663008
30.83707042,32,67,0.497547521
215.6760177,40,34,0.088876602
235.9139939,20,41,0.273210712
397.6253503,33,22,0.059863757
239.2786597,40,27,0.467118221
288.0925354,8,21,0.145877584
397.6900843,35,41,0.43916991
284.2816615,5,31,0.14153822
185.5667126,35,27,0.40302624
52.06271603,47,37,0.104690667
367.6586585,14,66,0.146394715
436.8576936,21,54,0.096237683
485.3316231,47,9,0.132129939
464.0339416,24,83,0.417432878
400.7347753,17,42,0.319516249
325.3012468,18,36,0.202939834
392.9154715,34,10,0.485760514
221.7210193,12,59,0.232430764
301.4403452,16,40,0.484879986
180.8629065,4,54,0.098293461
170.0875153,25,39,0.452319214
380.7789689,34,7,0.006911102
232.4270633,28,4,0.272651601
113.9590188,46,15,0.211526197
108.9496994,11,76,0.262543923
430.9944572,13,48,0.276722416
342.1026422,31,6,0.194515677
277.5625759,25,73,0.499098923
206.4599806,39,35,0.488253595
221.1005215,10,72,0.480872688
38.14324516,24,71,0.489542524
232.905971,1,68,0.396506199
399.7729062,25,58,0.49429524
200.1133752,28,77,0.446180113
197.9548137,36,19,0.207966319
17.70112568,18,62,0.392388554
234.3392787,6,71,0.456033923
22.41544994,2,10,0.356303037
289.4712197,3,25,0.21139117
258.323857,46,44,0.032895121
421.6041645,8,99,0.404848469
295.0724994,31,58,0.476371437
168.4794041,48,25,0.18123163
262.9531946,19,93,0.075953025
352.8561143,6,76,0.16325192
56.04225975,14,40,0.291311179
314.3263034,3,76,0.158464502
459.1468782,48,70,0.305309365
156.5738449,1,10,0.483426116
317.0462965,44,66,0.335367247
412.4514307,30,25,0.181329683
260.7851347,46,71,0.467876486
361.8099717,19,87,0.282817634
162.3950659,19,11,0.064186199
159.9686419,9,36,0.249490503
337.1161707,7,49,0.326818222
355.6503482,46,48,0.419127183
469.1347528,37,87,0.468238393
120.1709016,41,7,0.158708067
239.4266221,7,91,0.077756182
132.7516019,9,77,0.036914321
49.24515883,4,51,0.369177301
207.5829587,25,17,0.397579126
193.2995662,49,32,0.204686563
142.5127188,12,26,0.197962704
155.5274967,6,22,0.477118516
186.6017851,18,13,0.458340663
494.5304401,40,12,0.116632951
393.6493053,21,71,0.390403824
44.98658853,15,1,0.311350198
437.4824565,3,33,0.07711137
320.3186299,2,14,0.178385524
446.3909425,41,64,0.088736471
177.4377467,40,43,0.147578019
237.6142438,4,58,0.307650588
449.1512581,32,41,0.187632736
143.5608366,2,81,0.19702976
458.5954294,46,68,0.269823646
415.964859,29,39,0.043612069
490.473391,2,1,0.369398645
168.8862176,34,41,0.200854767
125.5190582,27,45,0.240198544
172.1247796,39,88,0.487149864
477.7784,44,98,0.172183444
173.2059151,38,98,0.324109468
286.9537918,18,88,0.196252159
207.8028485,36,79,0.447141359
204.1478708,19,81,0.423378133
104.7555188,27,13,0.120812136
273.168975,45,71,0.345872856
426.2080849,20,9,0.032585998
34.24765664,21,63,0.481592695
445.7210309,23,99,0.174495054
336.0817529,30,23,0.415921386
312.2016595,25,54,0.159215683
316.6911141,31,47,0.316385371
155.1722196,27,39,0.491795396
213.4208069,34,87,0.438374932
401.6521029,8,26,0.080182955
160.1267081,19,1,0.273744217
240.3099027,41,14,0.174265891
19.61981298,26,96,0.217169426
369.4435929,28,74,0.167591565
214.6740666,4,65,0.167979624
267.4257966,31,69,0.271276622
66.19776573,16,67,0.095982005
495.9399721,10,49,0.268697713
158.2092352,38,50,0.139482719
321.1449342,48,58,0.144491452
294.805809,10,53,0.369374015
394.6951799,45,91,0.014796802
153.9801083,9,57,0.190472881
380.404399,39,86,0.20376719
197.425848,36,18,0.24255507
211.4688733,36,16,0.334505512
339.629138,19,2,0.184843391
394.3000282,19,13,0.106568552
336.7646517,12,45,0.44243642
450.9409651,13,80,0.490519313
149.7279245,25,72,0.010007347
451.3021987,36,43,0.273233426
74.12312771,25,72,0.17085119
333.1698563,28,54,0.138494788
278.3390192,42,74,0.167853195
252.3716108,39,97,0.319438878
162.3468941,30,31,0.095358005
256.8290452,5,76,0.456430356
89.26894463,17,9,0.233057262
190.9672627,18,73,0.162788417
58.35364957,43,48,0.382765666
290.2048339,47,18,0.008173333
56.92626424,21,94,0.215926433
88.56887551,22,96,0.177651801
51.87873273,39,87,0.169104955
196.8422136,6,11,0.168535681
422.5596427,16,62,0.015635689
454.3792319,2,84,0.076058202
45.22583275,1,19,0.07094258
320.929569,30,90,0.494305252
345.3488581,43,74,0.011082878
271.5472718,37,24,0.083536828
336.8225821,48,13,0.487087254
124.5084506,23,46,0.314128297
249.9256638,1,53,0.22533356
201.529166,19,98,0.039380467
53.95689621,46,29,0.334830581
316.5226555,3,36,0.068901494
252.6554444,2,71,0.335593061
144.8352732,37,94,0.489588249
242.1057776,17,17,0.265986329
389.896029,28,48,0.107042327
402.8123038,18,77,0.312641875
328.2678031,33,24,0.256464844
239.1964384,15,54,0.266570132
292.1173232,22,95,0.239053473
198.657532,41,91,0.336870287
72.01260807,27,85,0.285972681
198.9540927,37,1,0.493497539
269.8630505,32,79,0.412931711
303.4286672,45,67,0.132349189
468.5424783,19,6,0.362878261
390.8933881,28,78,0.107150175
84.47635511,28,55,0.391173204
95.34928126,10,38,0.07377882
59.24243203,20,33,0.236776917
371.7090463,25,8,0.395303099
355.9999165,21,90,0.140056351
493.3178218,14,79,0.418559563
265.7914747,22,78,0.322075355
414.9433151,26,20,0.198761165
292.4555307,44,55,0.211708355
438.3024891,11,48,0.462995767
363.3003093,7,83,0.1088955
325.0131673,17,56,0.346681308
286.9101088,18,97,0.353647103
364.255557,7,88,0.461224847
215.6303829,20,10,0.356582134
57.32252455,38,52,0.292233709
29.59320311,11,50,0.45126127
244.7216285,44,34,0.414566015
303.6528753,16,36,0.358388227
48.63602498,27,61,0.016289191
150.582739,11,16,0.186760209
167.7957809,16,79,0.315944836
285.7698123,23,18,0.261125262
146.4564035,12,71,0.159659163
56.86781378,40,47,0.072211958
90.77980306,3,86,0.276498291
95.23442279,2,32,0.142958788
422.9205227,38,43,0.116500245
149.3166466,48,83,0.199479114
360.1989496,24,40,0.392745717
288.2409857,29,65,0.243926751
488.7489893,47,35,0.108246105
143.6831078,46,69,0.058451571
87.60278006,34,50,0.249493632
35.49854047,20,12,0.397183199
128.0702345,18,76,0.326409012
345.1947343,14,85,0.11607444
51.77653007,18,58,0.218353293
129.9039041,2,83,0.427615182
429.1011004,1,63,0.088827954
295.6469452,20,73,0.266040285
44.06555472,34,49,0.178115754
33.36474068,41,36,0.062089877
39.95020891,41,54,0.02495196
471.5187746,48,47,0.277935692
426.437,11,32,0.010374437
424.0206206,27,99,0.051723058
462.8662135,23,95,0.173782141
257.5751412,38,53,0.021760093
131.1988889,44,32,0.200222613
206.6605221,3,62,0.065182512
362.2433957,12,37,0.174936545
439.256107,30,96,0.395579844
223.1945541,31,38,0.313182172
272.3366681,23,30,0.222700539
466.5736667,1,58,0.045916654
62.67433218,41,32,0.30957483
432.5266163,20,66,0.081854826
88.0606663,6,51,0.038293172
247.0920616,11,11,0.331998009
117.027333,35,59,0.456029949
305.444339,4,20,0.230296718
283.7009766,29,37,0.020497955
196.2036085,10,73,0.440148859
433.0187223,29,49,0.033486883
333.3085269,38,19,0.433756621
363.3905112,1,55,0.195909687
83.82327172,40,40,0.182697269
442.7511822,8,7,0.27139869
91.84968017,38,5,0.478542409
119.1646325,17,42,0.449370273
72.74701786,19,88,0.235165044
225.7760119,33,48,0.347911616
444.9775236,15,7,0.290214626
133.6992846,45,11,0.34673079
193.139176,31,73,0.41466373
424.5725458,21,49,0.017246914
312.7294871,3,30,0.162879927
378.2920329,2,41,0.479664554
114.8600242,35,3,0.474668154
361.080033,41,86,0.005610445
121.5291835,16,40,0.100720065
493.7838513,45,51,0.496885021
284.3442165,21,84,0.246412538
350.8632364,12,32,0.286433002
68.01677623,28,48,0.083210093
132.8214302,12,71,0.447167804
78.47292319,33,71,0.11563215
201.1836505,20,20,0.094823815
149.2265735,40,89,0.114061202
369.1319072,49,35,0.459810851
63.26740002,21,24,0.351423354
378.5090905,39,40,0.384298197
32.39536407,41,77,0.188518179
108.9887403,49,52,0.454588507
398.0628461,42,39,0.394703976
373.9605541,36,68,0.375298681
243.3997958,22,61,0.485470142
34.49153039,26,76,0.183098415
308.8479334,7,81,0.305486823
209.2948109,7,65,0.454964849
165.0987936,8,62,0.395444472
323.801212,26,81,0.281689479
223.9411355,24,2,0.038106842
55.28633922,24,6,0.32636172
458.8157306,40,75,0.263277778
391.4616187,48,43,0.092090231
37.62531373,12,82,0.441126562
267.2812964,47,40,0.171624297
50.85500582,8,89,0.193739947
420.2720309,9,39,0.336200774
310.3768409,3,28,0.244399371
94.50007545,21,80,0.044640538
20.16325798,31,63,0.193720809
25.47469595,48,64,0.047233059
258.6090813,47,12,0.095375202
369.8430046,24,41,0.003587219
69.21182115,4,29,0.090656541
118.4291923,20,23,0.165223677
170.3573731,16,85,0.269109217
116.8576232,10,80,0.459638606
201.7549157,43,51,0.270163434
284.2113528,26,45,0.352801771
345.6190066,29,90,0.178838546
482.2498393,5,22,0.375815397
466.1133981,11,10,0.310234373
289.3622177,29,7,0.229897007
369.7335277,45,73,0.096884397
475.9273803,15,89,0.151770454
50.90125283,6,15,0.310473044
12.76103233,48,77,0.213028162
24.60188423,15,46,0.444693278
286.0411876,43,90,0.117420136
383.7883784,20,85,0.036536326
189.8667259,34,87,0.294674288
277.1671956,2,61,0.44302542
263.0194961,44,92,0.182369515
56.43773688,16,61,0.323855667
167.5782495,19,51,0.115706311
19.52322604,34,38,0.279235961
64.24578752,49,12,0.39339605
407.8105292,14,88,0.433515799
416.4126137,24,77,0.052559565
402.9536968,28,66,0.178187258
366.1411341,48,54,0.319822221
398.7232947,32,39,0.017361434
338.7813472,37,76,0.3453076
338.218336,10,39,0.264016941
337.0072808,49,78,0.14428314
261.8809669,45,30,0.407327225
188.0401444,48,48,0.145025356
367.7956804,9,83,0.495707523
156.3365467,24,31,0.408185095
276.0220444,36,25,0.353990251
222.3442539,29,68,0.030673779
145.5449158,29,51,0.452155186
487.598061,48,13,0.395027653
136.7883061,23,63,0.11451254
161.5536012,27,42,0.196124091
89.17787586,31,54,0.134315776
413.2605064,43,67,0.492208017
297.4288063,7,80,0.427098222
310.3892357,49,90,0.465112651
412.0750918,45,56,0.394387118
178.0306327,4,19,0.228174121
104.8803784,14,46,0.102717125
107.2186284,42,15,0.104040078
368.9837125,42,32,0.075841424
310.9164257,10,49,0.273324775
111.1060505,44,21,0.459983261
81.08204337,34,65,0.495899035
69.13677953,26,70,0.1436499
317.6213374,23,27,0.34865727
10.05813601,9,23,0.298549008
18.97647788,37,47,0.244468058
200.8810365,8,95,0.332884322
348.7614335,14,12,0.185681509
350.5692945,7,85,0.472242388
220.7579541,7,66,0.352724434
348.6260672,9,5,0.377100546
265.337128,3,9,0.121211048
488.6963942,14,20,0.084291002
89.60550478,17,82,0.197170397
304.3269612,44,63,0.383336243
250.7070002,22,86,0.469397955
105.2885089,46,72,0.213664913
377.4953117,26,98,0.387078396
144.9989298,28,73,0.23520381
197.0378114,45,71,0.147614125
193.6669791,14,30,0.369632575
129.6601919,9,82,0.399101067
221.0456125,26,91,0.101420397
241.9394817,2,16,0.152584751
374.6686197,11,85,0.247388422
384.8836014,17,5,0.093260915
87.69242446,34,29,0.464417149
300.4584267,19,47,0.295666956
449.1369212,39,22,0.060601639
63.30543835,18,78,0.092014932
241.7278818,13,57,0.477177673
377.67303,5,83,0.369084293
309.6307538,23,35,0.367202542
59.28697173,24,88,0.036249297
204.3370014,29,60,0.447649419
258.5473541,48,70,0.221867681
497.9643448,47,60,0.329858661
97.51787557,8,58,0.47984461
491.3876459,26,3,0.05000619
194.3133943,15,34,0.24113823
108.1570382,1,45,0.024806368
212.9134502,28,50,0.249772712
310.8576108,49,2,0.126129705
114.613723,47,15,0.455532765
152.8051508,46,37,0.199246247
428.7277859,14,15,0.316936223
499.5146362,42,60,0.430143632
165.9046188,34,96,0.491845929
82.93983394,31,85,0.251909685
398.6537018,6,64,0.227878851
304.2232868,49,81,0.037869823
59.19656025,5,98,0.006369472
473.9180259,31,96,0.304401046
48.24426892,37,52,0.032732176
316.4246368,15,23,0.190189469
217.7292554,15,99,0.001803218
282.7457199,43,37,0.307613749
114.4749559,5,41,0.21270758
347.1740956,28,57,0.063510385
480.2626477,33,97,0.148183803
234.6286783,11,25,0.284830349
266.249556,43,37,0.328356684
127.5077186,6,40,0.23116794
447.015312,23,85,0.401979558
485.8754585,40,46,0.056220206
395.2854737,2,60,0.042272861
275.9590161,15,98,0.022122135
478.830444,23,19,0.26791392
85.38652713,22,91,0.353115852
244.4605213,9,9,0.0652607
273.4267963,47,69,0.319472811
251.0390457,40,5,0.238473883
403.1849607,30,89,0.49367225
338.4974166,16,26,0.358736805
72.0626483,46,19,0.328736668
179.7611406,47,30,0.285224867
176.1476557,30,48,0.498683091
287.1597745,45,16,0.490229585
152.8146247,9,71,0.269057563
67.46316708,1,18,0.227591674
330.3045062,38,56,0.231057461
427.0080999,8,21,0.214171195
466.4879668,18,31,0.265699153
486.5634247,27,1,0.136792134
392.7472546,18,3,0.463394392
78.45418986,32,95,0.245115041
428.0247939,49,25,0.421003906
205.980436,32,8,0.237651837
367.6565438,48,65,0.359145137
270.3213224,45,62,0.168440982
416.0170055,36,7,0.312403429
218.4978091,36,7,0.249185723
40.27896726,21,8,0.183557128
282.8436183,46,19,0.440778131
93.93237179,32,17,0.056355841
483.1036399,31,11,0.243461574
268.2119023,37,49,0.097184537
281.243809,16,11,0.430527546
454.5601993,46,41,0.126734672
316.0467701,46,62,0.31671517
158.3373948,14,52,0.082781758
155.0863623,24,66,0.202456835
255.7735385,25,68,0.449678598
434.6380322,46,92,0.083032222
399.417377,35,97,0.331597913
481.7428872,17,75,0.102255185
45.2242002,46,67,0.207874526
141.4797738,42,40,0.270308442
49.30177683,45,5,0.288653209
378.028805,4,85,0.301255669
79.00850768,11,22,0.320065708
58.94429582,47,37,0.135884349
285.2193815,15,11,0.200683743
211.6275089,30,44,0.018659332
360.399656,24,86,0.384378488
248.6375419,2,53,0.418549751
218.413952,43,77,0.099618382
218.4952199,34,61,0.100721982
437.2194264,23,67,0.021018201
203.6605689,31,13,0.485191911
173.3645926,37,92,0.403593284
175.8821877,13,11,0.180351601
106.3343904,33,11,0.240954136
431.7375368,7,85,0.14598348
81.84909936,32,85,0.298621984
455.2192615,7,7,0.358654206
148.8991837,42,17,0.223684239
450.7191429,38,48,0.436797097
397.5021218,44,14,0.258512931
295.1738853,13,63,0.072126635
338.0403019,24,64,0.311145688
169.6636045,28,97,0.231115483
291.372021,32,75,0.467835932
153.2774214,43,77,0.19594696
207.1136788,18,65,0.20143287
384.6846521,34,34,0.325386695
129.5269563,48,9,0.263493109
421.0345478,34,77,0.187224939
194.1825983,38,37,0.494887208
270.7632808,1,30,0.151092755
471.5606389,43,41,0.138764396
343.8152588,42,45,0.432213814
326.3460153,31,47,0.001686472
358.6877865,1,7,0.10062658
459.874556,16,14,0.295223344
131.7717175,39,48,0.081225264
310.4881908,15,6,0.492901961
206.1929886,33,34,0.232097811
15.80909367,23,80,0.298682037
71.39743924,41,46,0.080186733
169.2460287,34,59,0.14468905
286.8499859,17,70,0.307312391
441.9226406,25,8,0.274776687
397.6459179,42,24,0.392181973
281.1334995,6,67,0.134616589
46.19650477,31,4,0.326771073
150.0940823,5,96,0.145487753
189.6872375,40,1,0.29337631
314.6414207,40,34,0.302515484
41.81257526,30,9,0.060919556
269.7948417,5,63,0.274316555
451.7176423,12,76,0.00596915
355.6620209,7,10,0.250605376
400.5676352,45,10,0.348760944
344.0210677,13,50,0.036416364
111.228665,49,44,0.469355408
64.13707183,4,48,0.229377766
416.4504298,42,87,0.469208138
350.7971736,3,6,0.053699212
291.7801638,12,88,0.474951297
102.7486038,1,24,0.05459855
305.639033,27,85,0.230747899
25.34767476,43,95,0.468996033
68.23117585,13,58,0.1163541
162.8261734,17,64,0.01739249
227.4317559,8,94,0.396555338
69.07660295,32,56,0.297941819
68.77069009,20,98,0.256960596
365.6878937,17,82,0.017171692
289.1625092,34,12,0.326615634
271.5335706,35,35,0.085811676
231.6929026,35,71,0.46559834
488.5061221,38,89,0.342863476
34.40213862,42,6,0.353516944
98.50731632,24,65,0.116290136
327.2788011,18,80,0.440376919
76.81917039,46,60,0.268866285
298.7966596,48,68,0.428542089
288.2030005,39,29,0.135473737
485.79254,33,38,0.377730857
442.8593787,49,92,0.287283452
473.3211384,23,22,0.024209653
65.66516104,25,8,0.202671162
435.3927343,37,63,0.091955233
73.25442425,27,96,0.179586794
320.1367675,1,97,0.191675817
362.8382987,21,13,0.237464177
88.81821409,49,27,0.300145221
320.0030942,10,18,0.285488826
35.70564153,31,18,0.019495702
153.700382,44,77,0.375344609
461.367662,25,86,0.474591942
94.14826982,20,62,0.174340644
41.9822963,2,14,0.089873451
227.4023178,48,11,0.270000782
426.8029222,15,86,0.352456464
47.56946716,28,17,0.339452447
184.212329,13,51,0.306054789
450.8896689,14,96,0.073116126
67.89621947,2,14,0.418412447
162.2275679,34,57,0.212810781
391.4260997,35,93,0.110734292
276.1733837,37,6,0.043133071
417.8432389,25,57,0.208359557
64.68174259,48,4,0.308986523
461.071544,15,11,0.332688855
468.1067793,12,74,0.481368456
86.10337987,9,92,0.076574042
26.59897756,31,11,0.492886833
495.0222772,14,99,0.32733794
246.3032802,29,79,0.227114529
290.316948,48,8,0.444097113
311.7933195,43,84,0.347239871
396.9375468,38,59,0.174358607
407.8741048,42,21,0.442042848
105.0233599,8,65,0.333307728
125.9520029,48,93,0.349418678
439.6481842,3,24,0.448194944
411.5636263,2,30,0.224208104
312.633497,16,99,0.328452053
497.402588,19,97,0.372344511
370.2401323,30,84,0.226970029
115.7600164,41,57,0.041726058
424.8555915,16,80,0.385719885
213.2189918,31,73,0.023908176
27.71480367,28,95,0.358957201
167.4964261,4,17,0.455437604
384.1401047,10,59,0.173484499
480.5010415,45,31,0.051030893
145.306844,18,64,0.116431995
130.792999,47,48,0.281140782
286.1721269,32,23,0.471329872
407.7251108,30,70,0.256141365
375.7975843,36,30,0.056368644
284.3798623,9,55,0.313891587
319.380944,36,7,0.366422468
128.6284891,29,75,0.196641835
221.9613899,16,98,0.360757032
135.129157,28,12,0.162411408
443.3648077,21,60,0.394545076
65.15170861,47,52,0.17053608
343.0728733,2,27,0.128053546
137.5387666,46,12,0.439590703
243.0329308,35,13,0.274236711
156.7122623,28,72,0.142578144
168.3902054,36,80,0.467543445
137.5925767,31,62,0.345425588
378.8685314,33,29,0.1103502
189.20077,23,35,0.307321177
365.9149387,41,60,0.435179416
233.4742658,17,29,0.348076571
278.1505606,46,31,0.122379575
276.2108631,49,77,0.324424164
488.1675189,1,76,0.309579686
189.8606033,42,61,0.410421832
111.7652067,23,2,0.089066298
456.7780508,48,33,0.349817334
95.67125176,27,72,0.013685346
418.8671945,25,62,0.34808765
83.60529878,32,59,0.480218652
332.7749238,19,40,0.087194133
83.7649985,24,49,0.155649886
462.3120514,3,32,0.291435786
286.8540585,12,38,0.366197523
171.3441812,35,92,0.172185695
78.75815973,15,79,0.332129489
191.8841957,17,87,0.449639396
355.4598171,32,88,0.363279394
198.6259331,7,13,0.355511359
130.5861267,19,85,0.190985329
292.9306297,7,54,0.455714654
214.7327079,5,76,0.138661471
91.24505565,40,13,0.102640178
85.45411524,21,39,0.182111967
356.6563752,48,23,0.32507811
487.5892288,48,92,0.430838993
124.2160947,47,14,0.066039391
388.8428144,7,17,0.406901089
52.9272842,37,24,0.406411697
196.9722003,23,58,0.293459678
258.2771949,11,63,0.38032397
141.6860032,10,34,0.090940349
269.4934241,21,51,0.084793
442.4810696,41,86,0.431400017
472.7746016,33,10,0.249074219
59.27290764,20,72,0.122968607
143.2045077,33,21,0.344365179
489.7756196,40,37,0.445937583
142.5050211,35,7,0.316161323
349.4266021,34,90,0.173672521
134.19231,36,13,0.241618883
184.6191407,27,80,0.37613473
103.7267041,19,30,0.033750614
429.5870949,43,31,0.108582258
442.4978943,5,5,0.231291593
155.4871289,29,32,0.302120482
413.5590138,10,16,0.169582796
185.5384085,40,73,0.149195461
58.51951722,13,22,0.020692098
381.4574347,29,64,0.016300886
302.258662,5,44,0.139347427
144.4473974,12,40,0.26525305
133.9698729,13,37,0.278185748
488.0554515,22,78,0.247013746
432.62551,40,16,0.204940342
406.8011814,15,43,0.126145795
72.72867723,13,84,0.200347216
380.0417644,1,63,0.069379983
115.1247084,38,15,0.057629615
488.9205822,43,44,0.149971628
35.5237021,45,90,0.497674398
182.5478569,1,9,0.163248474
220.037442,11,65,0.468228195
413.8594267,43,99,0.196131073
385.4491808,40,44,0.219504996
193.746151,22,20,0.398531442
287.1245438,35,70,0.046819164
